{"cameraMode":{"drawMode":0,"name":"Shaded","section":"Shading Mode"},"sceneLighting":false,"audioPlay":false,"sceneViewState":{"m_AlwaysRefresh":false,"showFog":true,"showSkybox":false,"showFlares":true,"showImageEffects":true,"showParticleSystems":true,"showVisualEffectGraphs":true,"m_FxEnabled":false},"in2DMode":false,"pivot":{"x":-0.014617601409554482,"y":-0.3404649794101715,"z":1.3232365846633912},"rotation":{"x":0.05097426474094391,"y":-0.011984067037701607,"z":0.0006117235752753913,"w":0.9986276626586914},"size":9.156661033630371,"orthographic":false}