{"cameraMode":{"drawMode":0,"name":"Shaded","section":"Shading Mode"},"sceneLighting":true,"audioPlay":false,"sceneViewState":{"m_AlwaysRefresh":false,"showFog":true,"showSkybox":true,"showFlares":true,"showImageEffects":true,"showParticleSystems":true,"showVisualEffectGraphs":true,"m_FxEnabled":true},"in2DMode":false,"pivot":{"x":-2.1535754203796388,"y":1.216870665550232,"z":-1.3397152423858643},"rotation":{"x":0.20389190316200257,"y":0.26585227251052859,"z":-0.05763808265328407,"w":0.9404424428939819},"size":4.038783550262451,"orthographic":false}