{"cameraMode":{"drawMode":0,"name":"Shaded","section":"Shading Mode"},"sceneLighting":true,"audioPlay":false,"sceneViewState":{"m_AlwaysRefresh":false,"showFog":true,"showSkybox":true,"showFlares":true,"showImageEffects":true,"showParticleSystems":true,"showVisualEffectGraphs":true,"m_FxEnabled":false},"in2DMode":false,"pivot":{"x":-3.7755234241485597,"y":0.8704800009727478,"z":-3.0190815925598146},"rotation":{"x":-0.033170245587825778,"y":0.9283297061920166,"z":-0.08546990901231766,"w":-0.36027762293815615},"size":6.3766350746154789,"orthographic":false}