{"cameraMode":{"drawMode":0,"name":"Shaded","section":"Shading Mode"},"sceneLighting":true,"audioPlay":false,"sceneViewState":{"m_AlwaysRefresh":false,"showFog":true,"showSkybox":true,"showFlares":true,"showImageEffects":true,"showParticleSystems":true,"showVisualEffectGraphs":true,"m_FxEnabled":false},"in2DMode":false,"pivot":{"x":3.53424334526062,"y":10.159411430358887,"z":-16.895790100097658},"rotation":{"x":-0.15714655816555024,"y":-0.011261258274316788,"z":0.00179394893348217,"w":-0.9875187277793884},"size":3.957129716873169,"orthographic":false}