{"cameraMode":{"drawMode":0,"name":"Shaded","section":"Shading Mode"},"sceneLighting":true,"audioPlay":false,"sceneViewState":{"m_AlwaysRefresh":false,"showFog":true,"showSkybox":true,"showFlares":true,"showImageEffects":true,"showParticleSystems":true,"showVisualEffectGraphs":true,"m_FxEnabled":false},"in2DMode":false,"pivot":{"x":0.18089252710342408,"y":0.5065709352493286,"z":0.2165055274963379},"rotation":{"x":-0.05276697501540184,"y":-0.026363369077444078,"z":0.0013934628805145622,"w":-0.9982593655586243},"size":5.809711933135986,"orthographic":false}