{"cameraMode":{"drawMode":0,"name":"Shaded","section":"Shading Mode"},"sceneLighting":true,"audioPlay":false,"sceneViewState":{"m_AlwaysRefresh":false,"showFog":true,"showSkybox":true,"showFlares":true,"showImageEffects":true,"showParticleSystems":true,"showVisualEffectGraphs":true,"m_FxEnabled":true},"in2DMode":false,"pivot":{"x":2.898491144180298,"y":0.5992186069488525,"z":4.933614730834961},"rotation":{"x":0.12680214643478394,"y":0.27821779251098635,"z":-0.037082161754369739,"w":0.951392412185669},"size":4.018148422241211,"orthographic":false}