{"cameraMode":{"drawMode":0,"name":"Shaded","section":"Shading Mode"},"sceneLighting":true,"audioPlay":false,"sceneViewState":{"m_AlwaysRefresh":false,"showFog":true,"showSkybox":true,"showFlares":true,"showImageEffects":true,"showParticleSystems":true,"showVisualEffectGraphs":true,"m_FxEnabled":true},"in2DMode":false,"pivot":{"x":-4.04721212387085,"y":-0.0013211725745350123,"z":2.0120363235473635},"rotation":{"x":0.15895672142505647,"y":-0.10198751837015152,"z":0.016511021181941034,"w":0.9818650484085083},"size":7.267806053161621,"orthographic":false}